Product ID,Published State,Purchase Type,Auto Translate,Locale; Title; Description,Auto Fill Prices,Price,Pricing Template ID,EEA Withdrawal Right Type,Reduced VAT Rates,Communications and amusement taxes,Tokenized digital asset declared
gold1000,published,managed_by_android,false,en-US; Gold1000; Gold 1000,false,VN; 24000000000; AE; 3590000; AT; 1090000; AU; 1590000; BD; 120000000; BE; 1090000; BG; 2090000; BH; 990000; BM; 990000; BO; 6490000; BR; 5490000; CA; 1290000; CH; 800000; CL; 1100000000; CO; 4000000000; CR; 490000000; CY; 1090000; CZ; 26990000; DE; 1090000; DK; 8000000; DZ; 125000000; EC; 990000; EE; 1090000; EG; 52990000; ES; 1090000; FI; 1090000; FM; 990000; FR; 1090000; GB; 890000; GE; 3000000; GH; 20000000; GI; 690000; GR; 1090000; HK; 8000000; HR; 1090000; HU; 449000000; ID; 15000000000; IE; 1090000; IL; 3600000; IN; 95000000; IQ; 1250000000; IT; 1090000; JO; 650000; JP; 140000000; KE; 100000000; KH; 990000; KR; 1400000000; KW; 990000; KY; 990000; KZ; 490000000; LI; 900000; LK; 275000000; LT; 1090000; LU; 990000; LV; 1090000; MA; 10990000; MC; 1090000; MM; 2000000000; MO; 7880000; MX; 22000000; MY; 4490000; NG; 1670000000; NL; 1090000; NO; 13000000; NZ; 1790000; OM; 990000; PA; 990000; PE; 3590000; PH; 55000000; PK; 260000000; PL; 4690000; PT; 1090000; PY; 10000000000; QA; 3500000; RO; 4990000; RS; 99000000; RU; 85000000; SA; 4090000; SE; 13000000; SG; 1480000; SI; 1090000; SK; 1090000; SM; 890000; SV; 990000; TC; 990000; TH; 34000000; TR; 38990000; TW; 31000000; TZ; 2600000000; UA; 46990000; US; 990000; VA; 890000; VG; 990000; VN; 24000000000; ZA; 18990000,,DIGITAL_CONTENT,,,false
gold12000,published,managed_by_android,false,en-US; Gold 12000; Gold 12000,false,VN; 240000000000; AE; 35990000; AT; 10990000; AU; 15990000; BD; 1300000000; BE; 10990000; BG; 20990000; BH; 9990000; BM; 9490000; BO; 64990000; BR; 53990000; CA; 12990000; CH; 8200000; CL; 10700000000; CO; 41000000000; CR; 4900000000; CY; 9990000; CZ; 269990000; DE; 9990000; DK; 79000000; DZ; 1250000000; EC; 9490000; EE; 10990000; EG; 529990000; ES; 10990000; FI; 10990000; FM; 9490000; FR; 10990000; GB; 8990000; GE; 29000000; GH; 190000000; GI; 7490000; GR; 10990000; HK; 75900000; HR; 10990000; HU; 4499000000; ID; 149000000000; IE; 10990000; IL; 35900000; IN; 950000000; IQ; 12400000000; IT; 10990000; JO; 6700000; JP; 1440000000; KE; 1400000000; KH; 9490000; KR; 14000000000; KW; 9490000; KY; 9490000; KZ; 5190000000; LI; 8900000; LK; 2775000000; LT; 10990000; LU; 9990000; LV; 10990000; MA; 109990000; MC; 10990000; MM; 20000000000; MO; 75880000; MX; 219000000; MY; 43990000; NG; 16500000000; NL; 10990000; NO; 129000000; NZ; 17990000; OM; 9990000; PA; 9490000; PE; 35990000; PH; 550000000; PK; 2650000000; PL; 46990000; PT; 10990000; PY; 80000000000; QA; 34000000; RO; 49990000; RS; 1199000000; RU; 899000000; SA; 40990000; SE; 125000000; SG; 13980000; SI; 10990000; SK; 10990000; SM; 8990000; SV; 9490000; TC; 9490000; TH; 350000000; TR; 389990000; TW; 320000000; TZ; 26000000000; UA; 469990000; US; 9490000; VA; 8990000; VG; 9490000; VN; 240000000000; ZA; 189990000,,DIGITAL_CONTENT,,,false
gold25000,published,managed_by_android,false,en-US; Gold 25000; Gold 25000,false,VN; 480000000000; AE; 72990000; AT; 20990000; AU; 30990000; BD; 2600000000; BE; 20990000; BG; 40990000; BH; 20990000; BM; 18990000; BO; 129990000; BR; 109990000; CA; 25990000; CH; 16000000; CL; 21300000000; CO; 82000000000; CR; 9800000000; CY; 20990000; CZ; 549990000; DE; 20990000; DK; 165000000; DZ; 2525000000; EC; 18990000; EE; 20990000; EG; 1049990000; ES; 20990000; FI; 21990000; FM; 18990000; FR; 20990000; GB; 17490000; GE; 59000000; GH; 370000000; GI; 14490000; GR; 21990000; HK; 148000000; HR; 21990000; HU; 8999000000; ID; 299000000000; IE; 21990000; IL; 71900000; IN; 1900000000; IQ; 24800000000; IT; 20990000; JO; 13400000; JP; 2880000000; KE; 2800000000; KH; 18990000; KR; 29000000000; KW; 18990000; KY; 18990000; KZ; 9990000000; LI; 18000000; LK; 5550000000; LT; 20990000; LU; 20990000; LV; 20990000; MA; 224990000; MC; 20990000; MM; 40000000000; MO; 149000000; MX; 439000000; MY; 88990000; NG; 33500000000; NL; 20990000; NO; 259000000; NZ; 35990000; OM; 19990000; PA; 18990000; PE; 70990000; PH; 1100000000; PK; 5300000000; PL; 93990000; PT; 21990000; PY; 150000000000; QA; 69000000; RO; 104990000; RS; 2499000000; RU; 1799000000; SA; 81990000; SE; 249000000; SG; 26990000; SI; 20990000; SK; 20990000; SM; 17990000; SV; 18990000; TC; 18990000; TH; 675000000; TR; 779990000; TW; 640000000; TZ; 52000000000; UA; 939990000; US; 18990000; VA; 17990000; VG; 18990000; VN; 480000000000; ZA; 384990000,,DIGITAL_CONTENT,,,false
gold3300,published,managed_by_android,false,en-US; Gold 3300; Gold 3300,false,VN; 72000000000; AE; 10990000; AT; 3190000; AU; 4690000; BD; 390000000; BE; 3190000; BG; 6190000; BH; 2990000; BM; 2990000; BO; 19990000; BR; 15990000; CA; 3890000; CH; 2500000; CL; 3200000000; CO; 12500000000; CR; 1500000000; CY; 3090000; CZ; 79990000; DE; 3090000; DK; 25000000; DZ; 375000000; EC; 2990000; EE; 3190000; EG; 159990000; ES; 3190000; FI; 3290000; FM; 2990000; FR; 3190000; GB; 2590000; GE; 9000000; GH; 55000000; GI; 2190000; GR; 3290000; HK; 23000000; HR; 3290000; HU; 1390000000; ID; 44000000000; IE; 3190000; IL; 10900000; IN; 280000000; IQ; 3700000000; IT; 3190000; JO; 2000000; JP; 430000000; KE; 400000000; KH; 2990000; KR; 4300000000; KW; 2990000; KY; 2990000; KZ; 1590000000; LI; 2700000; LK; 825000000; LT; 3190000; LU; 3090000; LV; 3190000; MA; 33990000; MC; 3190000; MM; 6000000000; MO; 22880000; MX; 65000000; MY; 12990000; NG; 5020000000; NL; 3190000; NO; 39000000; NZ; 5490000; OM; 2990000; PA; 2990000; PE; 10990000; PH; 165000000; PK; 790000000; PL; 13990000; PT; 3190000; PY; 20000000000; QA; 10000000; RO; 15990000; RS; 349000000; RU; 279000000; SA; 11990000; SE; 38000000; SG; 3990000; SI; 3190000; SK; 3190000; SM; 2590000; SV; 2990000; TC; 2990000; TH; 100000000; TR; 114990000; TW; 96000000; TZ; 7500000000; UA; 139990000; US; 2990000; VA; 2590000; VG; 2990000; VN; 72000000000; ZA; 57990000,,DIGITAL_CONTENT,,,false
gold5500,published,managed_by_android,false,en-US; Gold 5500; Gold 5500,false,VN; 120000000000; AE; 17990000; AT; 5490000; AU; 7990000; BD; 650000000; BE; 5490000; BG; 9990000; BH; 4990000; BM; 4490000; BO; 32990000; BR; 26990000; CA; 6490000; CH; 4100000; CL; 5300000000; CO; 20500000000; CR; 2400000000; CY; 4990000; CZ; 129990000; DE; 4990000; DK; 41000000; DZ; 625000000; EC; 4490000; EE; 5490000; EG; 259990000; ES; 5490000; FI; 5490000; FM; 4490000; FR; 5490000; GB; 4390000; GE; 14000000; GH; 95000000; GI; 3690000; GR; 5490000; HK; 38000000; HR; 5490000; HU; 2290000000; ID; 74000000000; IE; 5490000; IL; 17900000; IN; 470000000; IQ; 6200000000; IT; 5490000; JO; 3350000; JP; 720000000; KE; 700000000; KH; 4490000; KR; 7000000000; KW; 4490000; KY; 4490000; KZ; 2590000000; LI; 4400000; LK; 1375000000; LT; 5490000; LU; 4990000; LV; 5490000; MA; 55990000; MC; 5490000; MM; 10000000000; MO; 37880000; MX; 109000000; MY; 21990000; NG; 8360000000; NL; 5490000; NO; 65000000; NZ; 8990000; OM; 4990000; PA; 4490000; PE; 17990000; PH; 275000000; PK; 1300000000; PL; 22990000; PT; 5490000; PY; 40000000000; QA; 17000000; RO; 25990000; RS; 599000000; RU; 459000000; SA; 19990000; SE; 65000000; SG; 6980000; SI; 5490000; SK; 5490000; SM; 4390000; SV; 4490000; TC; 4490000; TH; 175000000; TR; 194990000; TW; 160000000; TZ; 13000000000; UA; 234990000; US; 4490000; VA; 4390000; VG; 4490000; VN; 120000000000; ZA; 95990000,,DIGITAL_CONTENT,,,false
gold65000,published,managed_by_android,false,en-US; Gold 65000; Gold 65000,false,VN; 1200000000000; AE; 179990000; AT; 54990000; AU; 78990000; BD; 6500000000; BE; 54990000; BG; 104990000; BH; 49990000; BM; 46990000; BO; 324990000; BR; 269990000; CA; 65990000; CH; 41000000; CL; 53000000000; CO; 205000000000; CR; 24400000000; CY; 49990000; CZ; 1299990000; DE; 49990000; DK; 409000000; DZ; 6300000000; EC; 46990000; EE; 54990000; EG; 2649990000; ES; 54990000; FI; 54990000; FM; 46990000; FR; 54990000; GB; 43990000; GE; 149000000; GH; 930000000; GI; 36490000; GR; 54990000; HK; 368000000; HR; 54990000; HU; 22499000000; ID; 690000000000; IE; 54990000; IL; 175000000; IN; 4700000000; IQ; 61900000000; IT; 54990000; JO; 33500000; JP; 7200000000; KE; 7100000000; KH; 46990000; KR; 70000000000; KW; 46990000; KY; 46990000; KZ; 25990000000; LI; 44000000; LK; 13750000000; LT; 54990000; LU; 49990000; LV; 54990000; MA; 559990000; MC; 54990000; MM; 99000000000; MO; 378000000; MX; 1099000000; MY; 219990000; NG; 83500000000; NL; 54990000; NO; 649000000; NZ; 89990000; OM; 49990000; PA; 46990000; PE; 179990000; PH; 2750000000; PK; 13100000000; PL; 234990000; PT; 54990000; PY; 375000000000; QA; 170000000; RO; 259990000; RS; 5999000000; RU; 4599000000; SA; 204990000; SE; 629000000; SG; 67990000; SI; 54990000; SK; 54990000; SM; 43990000; SV; 46990000; TC; 46990000; TH; 1700000000; TR; 1949990000; TW; 1590000000; TZ; 129000000000; UA; 2349990000; US; 46990000; VA; 43990000; VG; 46990000; VN; 1200000000000; ZA; 959990000,,DIGITAL_CONTENT,,,false
promo46,published,managed_by_android,false,en-US; Promotion 46k; Sale Off 50%,false,VN; 46000000000; AE; 6990000; AT; 1990000; AU; 2990000; BD; 250000000; BE; 1990000; BG; 3890000; BH; 1990000; BM; 1990000; BO; 12990000; BR; 9990000; CA; 2490000; CH; 1600000; CL; 2000000000; CO; 8000000000; CR; 930000000; CY; 1990000; CZ; 49990000; DE; 1990000; DK; 16000000; DZ; 250000000; EC; 1990000; EE; 1990000; EG; 99990000; ES; 1990000; FI; 2090000; FM; 1990000; FR; 1990000; GB; 1690000; GE; 6000000; GH; 35000000; GI; 1390000; GR; 2090000; HK; 14900000; HR; 2090000; HU; 890000000; ID; 28000000000; IE; 2090000; IL; 6900000; IN; 180000000; IQ; 2350000000; IT; 1990000; JO; 1300000; JP; 270000000; KE; 300000000; KH; 1990000; KR; 2800000000; KW; 1990000; KY; 1990000; KZ; 990000000; LI; 1700000; LK; 525000000; LT; 1990000; LU; 1990000; LV; 1990000; MA; 20990000; MC; 1990000; MM; 4000000000; MO; 14880000; MX; 42000000; MY; 8490000; NG; 3200000000; NL; 1990000; NO; 25000000; NZ; 3490000; OM; 1990000; PA; 1990000; PE; 6990000; PH; 105000000; PK; 500000000; PL; 8890000; PT; 2090000; PY; 10000000000; QA; 6500000; RO; 9990000; RS; 249000000; RU; 179000000; SA; 7790000; SE; 24000000; SG; 2490000; SI; 1990000; SK; 1990000; SM; 1690000; SV; 1990000; TC; 1990000; TH; 66000000; TR; 74990000; TW; 61000000; TZ; 4900000000; UA; 89990000; US; 1990000; VA; 1690000; VG; 1990000; VN; 46000000000; ZA; 36990000,4635616220408115370,DIGITAL_CONTENT,,,false
promotion240,published,managed_by_android,false,en-US; Promotion 240k; sale 50%,false,VN; 240000000000; AE; 35990000; AT; 9990000; AU; 15990000; BD; 1300000000; BE; 10990000; BG; 20990000; BH; 9990000; BM; 9490000; BO; 64990000; BR; 53990000; CA; 12990000; CH; 8200000; CL; 10700000000; CO; 40500000000; CR; 4900000000; CY; 9990000; CZ; 269990000; DE; 9990000; DK; 79000000; DZ; 1250000000; EC; 9490000; EE; 10990000; EG; 529990000; ES; 10990000; FI; 10990000; FM; 9490000; FR; 9990000; GB; 8990000; GE; 29000000; GH; 190000000; GI; 7490000; GR; 10990000; HK; 75900000; HR; 10990000; HU; 4490000000; ID; 149000000000; IE; 10990000; IL; 35900000; IN; 950000000; IQ; 12400000000; IT; 10990000; JO; 6700000; JP; 1440000000; KE; 1400000000; KH; 9490000; KR; 14000000000; KW; 9490000; KY; 9490000; KZ; 5190000000; LI; 8800000; LK; 2775000000; LT; 10990000; LU; 9990000; LV; 10990000; MA; 109990000; MC; 9990000; MM; 20000000000; MO; 75880000; MX; 219000000; MY; 43990000; NG; 16500000000; NL; 10990000; NO; 129000000; NZ; 17990000; OM; 9990000; PA; 9490000; PE; 34990000; PH; 549000000; PK; 2650000000; PL; 46990000; PT; 10990000; PY; 80000000000; QA; 34000000; RO; 49990000; RS; 1199000000; RU; 899000000; SA; 40990000; SE; 125000000; SG; 13980000; SI; 10990000; SK; 9990000; SM; 8490000; SV; 9490000; TC; 9490000; TH; 350000000; TR; 389990000; TW; 320000000; TZ; 26000000000; UA; 469990000; US; 9490000; VA; 8490000; VG; 9490000; VN; 240000000000; ZA; 189990000,4637818242682148819,DIGITAL_CONTENT,,,false
promotion720,published,managed_by_android,false,en-US; Promotion 720k; sale 50%,false,VN; 720000000000; AE; 109990000; AT; 30990000; AU; 46990000; BD; 3900000000; BE; 31990000; BG; 60990000; BH; 30990000; BM; 27990000; BO; 194990000; BR; 159990000; CA; 38990000; CH; 25000000; CL; 31900000000; CO; 122000000000; CR; 14600000000; CY; 30990000; CZ; 799990000; DE; 30990000; DK; 245000000; DZ; 3775000000; EC; 27990000; EE; 31990000; EG; 1599990000; ES; 31990000; FI; 32990000; FM; 27990000; FR; 30990000; GB; 25990000; GE; 89000000; GH; 560000000; GI; 21990000; GR; 31990000; HK; 219000000; HR; 32990000; HU; 13499000000; ID; 439000000000; IE; 31990000; IL; 99900000; IN; 2800000000; IQ; 37100000000; IT; 31990000; JO; 20100000; JP; 4300000000; KE; 4200000000; KH; 27990000; KR; 43000000000; KW; 27990000; KY; 27990000; KZ; 14990000000; LI; 27000000; LK; 8300000000; LT; 31990000; LU; 30990000; LV; 31990000; MA; 334990000; MC; 30990000; MM; 60000000000; MO; 228000000; MX; 649000000; MY; 134990000; NG; 50000000000; NL; 31990000; NO; 389000000; NZ; 54990000; OM; 29990000; PA; 27990000; PE; 104990000; PH; 1650000000; PK; 7900000000; PL; 139990000; PT; 31990000; PY; 225000000000; QA; 105000000; RO; 154990000; RS; 3699000000; RU; 2699000000; SA; 119990000; SE; 375000000; SG; 40980000; SI; 31990000; SK; 30990000; SM; 25990000; SV; 27990000; TC; 27990000; TH; 1025000000; TR; 1169990000; TW; 950000000; TZ; 77000000000; UA; 1399990000; US; 27990000; VA; 25990000; VG; 27990000; VN; 720000000000; ZA; 579990000,4638574867040948712,DIGITAL_CONTENT,,,false
